{"mc_agent win_rate": 0.632, "sarsa_agent win_rate": 0.646, "qlearning_agent win_rate": 0.655, "_timestamp": 1700067500.287034, "_runtime": 17.507341146469116, "_step": 99, "_wandb": {"runtime": 11}}