{"mc_agent win_rate": 0.641, "sarsa_agent win_rate": 0.64, "qlearning_agent win_rate": 0.663, "mse_sarsa_vs_mc": 21.436174737844354, "_timestamp": 1700068403.5683322, "_runtime": 21.356073141098022, "_step": 99, "_wandb": {"runtime": 19}}