{"mc_agent win_rate": 0.663, "sarsa_agent win_rate": 0.634, "qlearning_agent win_rate": 0.622, "_timestamp": 1700067852.9738843, "_runtime": 16.35230040550232, "_step": 99, "_wandb": {"runtime": 10}}