{"mc_agent win_rate": 0.674, "sarsa_agent win_rate": 0.629, "qlearning_agent win_rate": 0.641, "_timestamp": 1700067462.9777675, "_runtime": 13.115534543991089, "_step": 99, "_wandb": {"runtime": 11}}