Tree Name,Train Accuracy,Test Accuracy
Tree_0,0.7060546875,0.53125
Tree_1,0.7294921875,0.55078125
Tree_2,0.7626953125,0.53125
Tree_3,0.7841796875,0.56640625
Tree_4,0.8125,0.5859375
Tree_5,0.73828125,0.51953125
Tree_6,0.7890625,0.53125
Tree_7,0.751953125,0.5
Tree_8,0.7490234375,0.5859375
Tree_9,0.78125,0.5859375
ensemble,0.8603515625,0.578125
