{"mc_agent win_rate": 0.6566, "sarsa_agent win_rate": 0.6447, "qlearning_agent win_rate": 0.641, "_timestamp": 1700066680.6982203, "_runtime": 83.15195822715759, "_step": 95, "_wandb": {"runtime": 77}}