{"mc_agent win_rate": 0.668, "sarsa_agent win_rate": 0.609, "qlearning_agent win_rate": 0.637, "_timestamp": 1700066777.5141933, "_runtime": 21.927403211593628, "_step": 99, "_wandb": {"runtime": 19}}