{"mc_agent win_rate": 0.662, "_timestamp": 1700066147.13916, "_runtime": 90.15683603286743, "_step": 299, "sarsa_agent win_rate": 0.6367, "qlearning_agent win_rate": 0.6432, "_wandb": {"runtime": 88}}