{"mc_agent win_rate": 0.668, "sarsa_agent win_rate": 0.653, "qlearning_agent win_rate": 0.607, "_timestamp": 1700067692.942012, "_runtime": 17.848196029663086, "_step": 99, "_wandb": {"runtime": 11}}