{"mc_agent win_rate": 0.639, "sarsa_agent win_rate": 0.619, "qlearning_agent win_rate": 0.632, "_timestamp": 1700066738.4243042, "_runtime": 19.235105276107788, "_step": 80, "_wandb": {"runtime": 16}}