Tree Name,Train Accuracy,Test Accuracy
Tree_0,0.767578125,0.51171875
Tree_1,0.716796875,0.5625
Tree_2,0.7783203125,0.54296875
Tree_3,0.7548828125,0.52734375
Tree_4,0.7275390625,0.5078125
Tree_5,0.796875,0.5625
Tree_6,0.6884765625,0.54296875
Tree_7,0.7001953125,0.5859375
Tree_8,0.728515625,0.546875
Tree_9,0.755859375,0.49609375
ensemble,0.8349609375,0.5625
