Tree Name,Train Accuracy,Test Accuracy
Tree_0,0.7666015625,0.6015625
Tree_1,0.7314453125,0.58203125
Tree_2,0.7578125,0.5390625
Tree_3,0.74609375,0.5625
Tree_4,0.748046875,0.5078125
Tree_5,0.748046875,0.58984375
Tree_6,0.7880859375,0.5078125
Tree_7,0.818359375,0.58203125
Tree_8,0.7685546875,0.59765625
Tree_9,0.81640625,0.5703125
ensemble,0.849609375,0.57421875
