{"mc_agent win_rate": 0.637, "sarsa_agent win_rate": 0.637, "qlearning_agent win_rate": 0.649, "_timestamp": 1700067615.6464913, "_runtime": 17.499449253082275, "_step": 99, "_wandb": {"runtime": 11}}