{"mc_agent win_rate": 0.64, "sarsa_agent win_rate": 0.63, "qlearning_agent win_rate": 0.644, "_timestamp": 1700067892.448018, "_runtime": 13.334684133529663, "_step": 99, "_wandb": {"runtime": 9}}