{"mc_agent win_rate": 0.647, "sarsa_agent win_rate": 0.638, "qlearning_agent win_rate": 0.582, "mse_sarsa_vs_mc": 72.16048968745442, "_timestamp": 1700068323.3337998, "_runtime": 19.8799307346344, "_step": 99, "_wandb": {"runtime": 18}}