{"acc": 0.9421630293624652, "loss": 0.11615232115308186, "_timestamp": 1698143187.0923188, "_runtime": 9.705209732055664, "_step": 7, "_wandb": {"runtime": 4}}