Episode,Reward,Loss
0,110.0,1162.346435546875
1,90.0,2111.191162109375
2,60.0,4188.787109375
3,205.0,13366.4990234375
4,130.0,1625.6593017578125
5,130.0,1135.936767578125
6,150.0,2433.68505859375
7,340.0,87.7403793334961
8,70.0,184.91427612304688
9,130.0,27.112133026123047
